id,标题,日期,留言,图片,状态,是否有图
20251203001,111,2025/12/3 9:31,希望有一句能让你或你想祝福的人感到温暖 🌸,7太乙_爱给网_aigei_com.png,可展示,1
20251203002,222,2025/12/3 9:31,今天有好好吃饭吗？记得照顾好自己，你忙碌的样子很棒，但也要记得让心休息一下。晚安，明天见。,,可展示,0
20251203003,333,2025/12/3 9:31,生活或许忙碌，但别忘了停下脚步，感受微风和身边的小确幸。,"7太乙_爱给网_aigei_com.png,wechat_2025-11-12_152347_145.png",可展示,1
20251203004,444,2025/12/3 9:31, 今天也是闪闪发光的一天！别忘了你值得所有美好，加油哦！ 秋风捎来我的问候，愿你心有所依，忙有所获，爱有所得，平凡日子里充满小确幸。愿你的一天，有暖阳的温柔，也有微风的清爽，更有发自内心的喜悦。晚安好梦。,,可展示,0
20251203005,555,2025/12/3 9:31,愿你今天也被阳光温柔拥抱，被微风轻轻问候。记得好好吃饭，好好爱自己呀。不管世界多么喧嚣，总有人在你不知道的地方，默默惦记着你，为你祝福。今天辛苦了！别忘了你闪闪发光的样子，特别值得世间所有美好。偶尔停下来也没关系，休息是为了更好地出发。别忘了，我一直都在。,,可展示,0
20251203006,666,2025/12/3 9:31,清晨的阳光替我问候你，愿你今天被小事点亮，被温柔包围。记得好好吃饭，你值得所有美好,wechat_2025-11-14_164335_781.png,可展示,1
20251203007,777,2025/12/3 9:31, 日子忙忙碌碌，记得照顾好自己。愿你眼中有光，心中有爱，平安喜乐。,,可展示,0
20251203009,999,2025/12/3 9:31, 愿你今日也有阳光般的笑容，和微风般轻盈的好心情。记得好好吃饭，好好休息，你值得被温柔以待。 ,,可展示,0
20251203010,110,2025/12/3 9:31, 日子忙忙碌碌，记得照顾好自己。愿你眼里有光，心中有爱，一切美好都会如期而至。,,可展示,0
20251203013,愿你被温柔环抱,2025/12/4 11:42,今晚的星星都在为你眨眼,wechat_20251204_114233.png,可展示,1
20251203014,风也温柔,2025/12/4 14:07,把烦恼留在落日里,,可展示,0
20251203015,今日份小幸运,2025/12/4 16:25,阳光刚好心情刚好,wechat_20251204_162512.png,可展示,1
20251203016,慢下来听听海,2025/12/4 18:49,你比浪潮更勇敢,,可展示,0
20251203017,把疲惫按下暂停,2025/12/4 21:13,世界偷偷爱着你,wechat_20251204_211300.png,可展示,1
20251203018,早安呀打工人,2025/12/5 8:27,今天也要开心上岗,,可展示,0
20251203019,云朵收集员,2025/12/5 10:54,抬头就能收到礼物,wechat_20251205_105421.png,可展示,1
20251203020,落日航班,2025/12/5 13:11,把遗憾留在昨天,,可展示,0
20251203021,月亮营业中,2025/12/5 15:38,今晚为你点亮,wechat_20251205_153800.png,可展示,1
20251203022,糖分补给站,2025/12/5 17:55,生活偶尔需要加糖,,可展示,0
20251203023,星光投递局,2025/12/5 20:22,你的愿望正在派送,wechat_20251205_202222.png,可展示,1
20251203024,把日子过成诗,2025/12/6 9:06,一行一行写满温柔,,可展示,0
20251203025,风里有封信,2025/12/6 11:44,落款是爱你的人,wechat_20251206_114400.png,可展示,1
20251203026,小确幸清单,2025/12/6 14:12,今天也勾选完成,,可展示,0
20251203027,晚风心事铺,2025/12/6 16:51,说给树洞听,wechat_20251206_165133.png,可展示,1
20251203028,银河慢递,2025/12/6 19:29,浪漫正在路上,,可展示,0
20251203029,今日份晴朗,2025/12/7 8:15,记得晒晒心事,wechat_20251207_081500.png,可展示,1
20251203030,花开的声音,2025/12/7 10:53,你刚好路过,,可展示,0
20251203031,萤火信箱,2025/12/7 13:27,回信叫晚安,wechat_20251207_132744.png,可展示,1
20251203032,橘子汽水海,2025/12/7 16:02,把夏天一饮而尽,,可展示,0
20251203033,潮汐拥抱,2025/12/7 18:36,浪花替我说爱你,"wechat_20251207_183611.png,wechat_20251207_1823611.png,wechat_202513217_183611.png",可展示,1
20251203034,云朵许愿池,2025/12/8 9:20,投一枚快乐硬币,,可展示,0
20251203035,温暖收容所,2025/12/8 11:58,坏的情绪禁止入内,wechat_20251208_115800.png,可展示,1
20251203036,日光打卡机,2025/12/8 14:35,今日亮度已达标,,可展示,0
20251203037,月色保温瓶,2025/12/8 17:13,把温柔装进口袋,wechat_20251208_171300.png,可展示,1
20251203038,纸飞机航线,2025/12/8 19:47,目的地是春天,,可展示,0
20251203039,彩虹中转站,2025/12/9 8:05,下一站叫幸福,wechat_20251209_080522.png,可展示,1
20251203040,慢热星球,2025/12/9 10:41,请耐心等花开,,可展示,0
20251203041,心事便利店,2025/12/9 13:19,晚安限时供应,wechat_20251209_131900.png,可展示,1
20251203042,糖分储蓄罐,2025/12/9 15:54,每天存一点开心,,可展示,0
20251203043,银河修理厂,2025/12/9 18:28,破碎星星免费补,wechat_20251209_182833.png,可展示,1
20251203044,风软茶香,2025/12/10 9:12,把日子泡得澄亮,,可展示,0
20251203045,日落的回信,2025/12/10 11:46,落款是全世界,wechat_20251210_114600.png,可展示,1
20251203046,软云电台,2025/12/10 14:21,正在播放好心情,,可展示,0
20251203047,萤火航线,2025/12/10 16:55,天黑就为你发光,wechat_20251210_165500.png,可展示,1
20251203048,晴日签,2025/12/10 19:30,今日运势100%,,可展示,0
20251203049,月亮保龄球,2025/12/10 21:07,一击即中你心事,wechat_20251210_210722.png,可展示,1
20251203050,温茶予你,2025/12/4 9:33,把寒意挡在杯外,,可展示,0
20251203051,风捎来信,2025/12/4 12:17,开头是亲爱的,wechat_20251204_121700.png,可展示,1
20251203052,云朵打卡,2025/12/4 15:02,今日份可爱已上传,,可展示,0
20251203053,星尘速递,2025/12/5 7:48,浪漫次日达,wechat_20251205_074800.png,可展示,1
20251203054,慢热星光,2025/12/5 10:25,请耐心等亮灯,,可展示,0
20251203055,潮汐日历,2025/12/5 13:51,每天涨一点喜欢,wechat_20251205_135122.png,可展示,1
20251203056,把疲惫关机,2025/12/6 16:18,重启键叫晚安,,可展示,0
20251203057,银河拼图,2025/12/6 18:44,缺的那块是你,wechat_20251206_184400.png,可展示,1
20251203058,晚风邮局,2025/12/7 21:09,寄出一句想你,,可展示,0
20251203059,月色导航,2025/12/7 23:31,前方路口是美梦,wechat_20251207_233111.png,可展示,1
20251203060,岁月柔软,2025/12/8 8:56,而你更甚,,可展示,0
20251203061,心事棉花糖,2025/12/8 11:22,一咬全是甜,wechat_20251208_112200.png,可展示,1
20251203062,把日落私藏,2025/12/9 14:07,明日为你放映,,可展示,0
